date,workload,spend_on_demand,spend_savings_plan,spend_reserved_instance
2023-01-01,1024.8357076505617,122.98028491806741,81.98685661204495,61.490142459033706
2023-01-02,997.1643018244372,119.65971621893246,79.77314414595497,59.82985810946623
2023-01-03,1040.5386955676888,124.86464346812265,83.24309564541511,62.432321734061325
2023-01-04,1088.3809832827528,130.60571799393034,87.07047866262023,65.30285899696517
2023-01-05,1004.5947491226656,120.55136989471987,80.36757992981325,60.275684947359935
2023-01-06,1008.6654392612636,121.03985271135163,80.6932351409011,60.519926355675814
2023-01-07,1103.3989761502116,132.40787713802538,88.27191809201693,66.20393856901269
2023-01-08,1066.8715374098963,128.02458448918756,85.34972299279171,64.01229224459378
2023-01-09,1009.0822041972111,121.08986450366532,80.7265763357769,60.54493225183266
2023-01-10,1063.7339464155307,127.64807356986368,85.09871571324246,63.82403678493184
2023-01-11,1017.4782215828097,122.09738658993716,81.39825772662478,61.04869329496858
2023-01-12,1021.3981668538064,122.56778002245676,81.71185334830452,61.28389001122838
2023-01-13,1060.8099500740484,127.29719400888581,84.86479600592388,63.648597004442905
2023-01-14,957.0658896928096,114.84790676313715,76.56527117542477,57.42395338156857
2023-01-15,970.4922117099368,116.4590654051924,77.63937693679495,58.2295327025962
2023-01-16,1032.6213196996964,123.91455836396356,82.60970557597571,61.95727918198178
2023-01-17,1014.0803829673329,121.68964595607994,81.12643063738663,60.84482297803997
2023-01-18,1084.4084603754143,130.12901524504971,86.75267683003314,65.06450762252486
2023-01-19,1027.2562221955634,123.2707466634676,82.18049777564508,61.6353733317338
2023-01-20,1005.9900199198917,120.718802390387,80.47920159359134,60.3594011951935
2023-01-21,1153.8211425776174,138.45853710931408,92.30569140620939,69.22926855465704
2023-01-22,1073.168385954173,128.78020631450073,85.85347087633383,64.39010315725037
2023-01-23,1091.7363877796622,131.00836653355947,87.33891102237298,65.50418326677973
2023-01-24,1021.0089111971544,122.52106934365852,81.68071289577234,61.26053467182926
2023-01-25,1068.8963851855444,128.26756622226532,85.51171081484355,64.13378311113266
2023-01-26,1105.5130063678691,132.6615607641443,88.44104050942953,66.33078038207215
2023-01-27,1046.250009961599,125.55000119539189,83.70000079692792,62.77500059769594
2023-01-28,1126.3981655881157,135.1677798705739,90.11185324704925,67.58388993528695
2023-01-29,1081.3749830088793,129.76499796106552,86.50999864071035,64.88249898053276
2023-01-30,1100.5952788567176,132.0714334628061,88.04762230853741,66.03571673140306
2023-01-31,1088.8464057011608,130.6615686841393,87.10771245609287,65.33078434206965
2023-02-01,1215.2754680515177,145.8330561661821,97.22203744412141,72.91652808309105
2023-02-02,1125.6939105758122,135.08326926909746,90.05551284606497,67.54163463454873
2023-02-03,1077.1671734504475,129.2600608140537,86.17337387603581,64.63003040702685
2023-02-04,1174.840000207421,140.98080002489053,93.98720001659369,70.49040001244526
2023-02-05,1076.3060520318563,129.15672624382276,86.1044841625485,64.57836312191138
2023-02-06,1151.4017053146688,138.16820463776025,92.1121364251735,69.08410231888013
2023-02-07,1046.559494856108,125.58713938273294,83.72475958848864,62.79356969136647
2023-02-08,1081.6917395379508,129.8030087445541,86.53533916303606,64.90150437227705
2023-02-09,1161.4750989848108,139.37701187817729,92.91800791878487,69.68850593908864
2023-02-10,1192.0587125181426,143.0470455021771,95.3646970014514,71.52352275108855
2023-02-11,1167.1789000592123,140.06146800710547,93.37431200473699,70.03073400355274
2023-02-12,1156.2743439210174,138.75292127052208,92.50194751368139,69.37646063526104
2023-02-13,1150.4184368091862,138.05021241710233,92.0334749447349,69.02510620855116
2023-02-14,1094.934407788509,131.39212893462107,87.59475262308071,65.69606446731053
2023-02-15,1136.224644320963,136.34695731851556,90.89797154567705,68.17347865925778
2023-02-16,1152.510173936849,138.30122087242188,92.20081391494793,69.15061043621094
2023-02-17,1231.691849657526,147.80302195890312,98.53534797260208,73.90151097945156
2023-02-18,1199.2781139848355,143.91337367818025,95.94224911878685,71.95668683909012
2023-02-19,1097.1739649077824,131.66087578893388,87.77391719262259,65.83043789446694
2023-02-20,1204.7257427225811,144.56708912670973,96.3780594178065,72.28354456335487
2023-02-21,1172.4292964524527,140.69151557429433,93.79434371619622,70.34575778714716
2023-02-22,1160.9649775456176,139.3157973054741,92.8771982036494,69.65789865273705
2023-02-23,1228.4878763154802,147.4185451578576,98.27903010523842,73.7092725789288
2023-02-24,1252.5118661705403,150.30142394046484,100.20094929364323,75.15071197023242
2023-02-25,1250.5481050860767,150.0657726103292,100.04384840688614,75.0328863051646
2023-02-26,1165.009360573014,139.80112326876167,93.20074884584112,69.90056163438084
2023-02-27,1194.459242360715,143.3351090832858,95.55673938885721,71.6675545416429
2023-02-28,1229.3957130733759,147.5274855688051,98.35165704587007,73.76374278440255
2023-03-01,1264.4851142028942,151.73821370434732,101.15880913623154,75.86910685217366
2023-03-02,1194.586689426374,143.35040273116488,95.56693515410993,71.67520136558244
2023-03-03,1212.0618254131382,145.44741904957658,96.96494603305106,72.72370952478829
2023-03-04,1168.7888415678456,140.25466098814147,93.50310732542765,70.12733049407073
2023-03-05,1167.0171432436027,140.0420571892323,93.36137145948823,70.02102859461615
2023-03-06,1270.136354504395,152.4163625405274,101.6109083603516,76.2081812702637
2023-03-07,1299.9650067517516,155.9958008102102,103.99720054014013,77.9979004051051
2023-03-08,1231.1554541763737,147.73865450116483,98.4924363341099,73.86932725058242
2023-03-09,1287.4952449170173,154.49942939004208,102.99961959336139,77.24971469502104
2023-03-10,1257.922409664114,150.95068915969367,100.63379277312912,75.47534457984683
2023-03-11,1210.0656935204815,145.20788322245778,96.80525548163853,72.60394161122889
2023-03-12,1262.831306772339,151.53975681268068,101.02650454178713,75.76987840634034
2023-03-13,1324.0616926476837,158.88740311772204,105.9249354118147,79.44370155886102
2023-03-14,1247.7251252512956,149.72701503015546,99.81801002010366,74.86350751507773
2023-03-15,1330.0631427873163,159.60757713447796,106.40505142298531,79.80378856723898
2023-03-16,1123.1159647962627,134.77391577555153,89.84927718370102,67.38695788777576
2023-03-17,1297.4281022711916,155.691372272543,103.79424818169534,77.8456861362715
2023-03-18,1262.8723669913431,151.54468403896118,101.02978935930746,75.77234201948059
2023-03-19,1245.7137571452604,149.48565085743124,99.65710057162083,74.74282542871562
2023-03-20,1267.353156953087,152.08237883437042,101.38825255624695,76.04118941718521
2023-03-21,1165.4443688058736,139.85332425670484,93.23554950446989,69.92666212835242
2023-03-22,1255.8534529185567,150.7024143502268,100.46827623348454,75.3512071751134
2023-03-23,1286.6632913177134,154.3995949581256,102.93306330541708,77.1997974790628
2023-03-24,1344.629222285107,161.35550667421285,107.57033778280856,80.67775333710642
2023-03-25,1246.703980497975,149.60447765975698,99.736318439838,74.80223882987849
2023-03-26,1234.031781876206,148.08381382514472,98.72254255009648,74.04190691257236
2023-03-27,1251.1634779226627,150.1396173507195,100.09307823381302,75.06980867535975
2023-03-28,1323.7721128345984,158.8526535401518,105.90176902676787,79.4263267700759
2023-03-29,1296.1459724362464,155.53751669234956,103.69167779489972,77.76875834617478
2023-03-30,1254.8824874316429,150.58589849179714,100.39059899453143,75.29294924589857
2023-03-31,1308.6515712479015,157.03818854974818,104.69212569983212,78.51909427487409
2023-04-01,1289.415364130288,154.72984369563457,103.15322913042304,77.36492184781729
2023-04-02,1334.5225853125964,160.14271023751158,106.76180682500772,80.07135511875579
2023-04-03,1252.4720823894877,150.29664988673852,100.19776659115902,75.14832494336926
2023-04-04,1272.6315865179808,152.7157903821577,101.81052692143847,76.35789519107885
2023-04-05,1270.804814885534,152.49657778626406,101.66438519084272,76.24828889313203
2023-04-06,1218.5856053872108,146.2302726464653,97.48684843097686,73.11513632323265
2023-04-07,1307.8741412399834,156.944896948798,104.62993129919867,78.472448474399
2023-04-08,1307.3833658573492,156.8860039028819,104.59066926858793,78.44300195144095
2023-04-09,1295.8045192651066,155.4965423118128,103.66436154120854,77.7482711559064
2023-04-10,1284.9935854327534,154.1992302519304,102.79948683462028,77.0996151259652
2023-04-11,1227.084447394444,147.25013368733326,98.16675579155552,73.62506684366663
2023-04-12,1277.9068157780414,153.34881789336495,102.23254526224332,76.67440894668248
2023-04-13,1282.8456298520148,153.94147558224176,102.62765038816119,76.97073779112088
2023-04-14,1260.8660766267199,151.30392919520636,100.8692861301376,75.65196459760318
2023-04-15,1293.8706968121528,155.26448361745832,103.50965574497222,77.63224180872916
2023-04-16,1323.0491855953053,158.76590227143663,105.84393484762442,79.38295113571832
2023-04-17,1398.0243892339765,167.76292670807717,111.84195113871813,83.88146335403859
2023-04-18,1313.269413105676,157.5923295726811,105.06155304845409,78.79616478634055
2023-04-19,1318.2006457233156,158.18407748679786,105.45605165786525,79.09203874339893
2023-04-20,1302.3408208049625,156.28089849659548,104.187265664397,78.14044924829774
2023-04-21,1210.8221567951985,145.2986588154238,96.86577254361588,72.6493294077119
2023-04-22,1306.0904717540484,156.7308566104858,104.48723774032388,78.3654283052429
2023-04-23,1311.0412199189334,157.324946390272,104.88329759351467,78.662473195136
2023-04-24,1431.7637162171497,171.81164594605795,114.54109729737198,85.90582297302898
2023-04-25,1299.5140944867173,155.9416913384061,103.96112755893739,77.97084566920304
2023-04-26,1324.6989588820202,158.96387506584242,105.97591671056162,79.48193753292121
2023-04-27,1308.3346673449219,157.00016008139062,104.66677338759375,78.50008004069531
2023-04-28,1252.044543243399,150.24534518920788,100.16356345947192,75.12267259460394
2023-04-29,1367.9876225712815,164.15851470855378,109.43900980570253,82.07925735427689
2023-04-30,1348.771351723678,161.85256220684136,107.90170813789425,80.92628110342068
2023-05-01,1351.0150431027193,162.1218051723263,108.08120344821755,81.06090258616315
2023-05-02,1266.243703680819,151.94924444169826,101.29949629446551,75.97462222084913
2023-05-03,1382.0636768280704,165.84764121936843,110.56509414624563,82.92382060968421
2023-05-04,1242.00392785626,149.04047134275118,99.3603142285008,74.52023567137559
2023-05-05,1341.5738822859942,160.9888658743193,107.32591058287953,80.49443293715964
2023-05-06,1421.8507856559363,170.62209427871235,113.7480628524749,85.31104713935618
2023-05-07,1262.8610094643152,151.54332113571783,101.02888075714522,75.77166056785892
2023-05-08,1284.0960306086333,154.091523673036,102.72768244869067,77.045761836518
2023-05-09,1317.3802830340294,158.0856339640835,105.39042264272236,79.04281698204176
2023-05-10,1287.174883152709,154.46098597832508,102.97399065221673,77.23049298916254
2023-05-11,1234.7310564592485,148.16772677510983,98.77848451673988,74.08386338755491
2023-05-12,1315.5730181557265,157.86876217868718,105.24584145245812,78.93438108934359
2023-05-13,1258.875882902266,151.06510594827193,100.71007063218129,75.53255297413597
2023-05-14,1335.4829357911715,160.25795229494057,106.83863486329372,80.12897614747028
2023-05-15,1265.6108935048317,151.8733072205798,101.24887148038654,75.9366536102899
2023-05-16,1388.8246704127037,166.65896044952444,111.10597363301629,83.32948022476222
2023-05-17,1271.878702943057,152.62544435316684,101.75029623544457,76.31272217658342
2023-05-18,1294.6198096738885,155.35437716086662,103.56958477391109,77.67718858043331
2023-05-19,1351.048902329247,162.12586827950963,108.08391218633977,81.06293413975482
2023-05-20,1248.4491664871928,149.81389997846313,99.87593331897543,74.90694998923156
2023-05-21,1320.9544607091957,158.51453528510348,105.67635685673565,79.25726764255174
2023-05-22,1374.4979891020644,164.93975869224772,109.95983912816516,82.46987934612386
2023-05-23,1228.2969565236244,147.39563478283492,98.26375652188996,73.69781739141746
2023-05-24,1317.404539841813,158.08854478101756,105.39236318734504,79.04427239050878
2023-05-25,1320.640767892364,158.47689214708367,105.65126143138912,79.23844607354184
2023-05-26,1346.1842047176688,161.54210456612026,107.6947363774135,80.77105228306013
2023-05-27,1244.6652174046528,149.35982608855832,99.57321739237223,74.67991304427916
2023-05-28,1239.883488095742,148.78601857148902,99.19067904765936,74.39300928574451
2023-05-29,1331.3714596662996,159.76457515995594,106.50971677330398,79.88228757997797
2023-05-30,1319.4668049263064,158.33601659115675,105.55734439410452,79.16800829557837
2023-05-31,1316.4611686847543,157.97534024217052,105.31689349478035,78.98767012108526
2023-06-01,1320.5543015300184,158.4665161836022,105.64434412240148,79.2332580918011
2023-06-02,1268.5030818003545,152.22036981604253,101.48024654402836,76.11018490802127
2023-06-03,1313.3671502463876,157.60405802956652,105.06937201971101,78.80202901478326
2023-06-04,1315.6366225976685,157.87639471172022,105.25092980781348,78.93819735586011
2023-06-05,1264.4730193662267,151.7367623239472,101.15784154929814,75.8683811619736
2023-06-06,1392.6666429107095,167.11999714928513,111.41333143285676,83.55999857464256
2023-06-07,1322.2373102015408,158.6684772241849,105.77898481612327,79.33423861209245
2023-06-08,1238.1293455823502,148.575521469882,99.05034764658802,74.287760734941
2023-06-09,1329.6528620099223,159.55834344119066,106.37222896079379,79.77917172059533
2023-06-10,1247.2042648086103,149.66451177703323,99.77634118468883,74.83225588851661
2023-06-11,1334.3889567955907,160.1266748154709,106.75111654364726,80.06333740773545
2023-06-12,1352.0448063096046,162.24537675715254,108.16358450476837,81.12268837857627
2023-06-13,1252.1458503343395,150.25750204012073,100.17166802674716,75.12875102006036
2023-06-14,1340.3990699804565,160.84788839765477,107.23192559843652,80.42394419882739
2023-06-15,1311.905690075336,157.4286828090403,104.95245520602688,78.71434140452016
2023-06-16,1331.3928435767154,159.76714122920586,106.51142748613724,79.88357061460293
2023-06-17,1384.1402207986282,166.0968264958354,110.73121766389026,83.0484132479177
2023-06-18,1276.0301824883477,153.12362189860173,102.08241459906782,76.56181094930086
2023-06-19,1249.6008169926895,149.95209803912275,99.96806535941516,74.97604901956137
2023-06-20,1241.7897039702864,149.01476447643435,99.34317631762292,74.50738223821718
2023-06-21,1244.443220815979,149.33318649791747,99.55545766527833,74.66659324895873
2023-06-22,1280.3382174429646,153.64058609315575,102.42705739543717,76.82029304657787
2023-06-23,1300.2024791960664,156.02429750352798,104.01619833568532,78.01214875176399
2023-06-24,1295.92376147856,155.5108513774272,103.6739009182848,77.7554256887136
2023-06-25,1322.3862445033874,158.68634934040648,105.79089956027099,79.34317467020324
2023-06-26,1280.6093145554696,153.67311774665635,102.44874516443757,76.83655887332817
2023-06-27,1351.5630986833871,162.18757184200646,108.12504789467097,81.09378592100323
2023-06-28,1264.5765260356839,151.74918312428207,101.16612208285471,75.87459156214103
2023-06-29,1412.7373592065333,169.528483104784,113.01898873652266,84.764241552392
2023-06-30,1306.9291250707345,156.83149500848813,104.55433000565876,78.41574750424407
2023-07-01,1231.7028244046815,147.80433892856178,98.53622595237452,73.90216946428089
2023-07-02,1219.9298742812946,146.39158491375534,97.59438994250357,73.19579245687767
2023-07-03,1296.5115343395241,155.58138412074288,103.72092274716194,77.79069206037144
2023-07-04,1260.1285712699269,151.21542855239122,100.81028570159415,75.60771427619561
2023-07-05,1305.9166797838352,156.71000157406021,104.47333438270682,78.35500078703011
2023-07-06,1292.7953931133397,155.13544717360077,103.42363144906719,77.56772358680038
2023-07-07,1264.4115994312895,151.72939193175472,101.15292795450316,75.86469596587736
2023-07-08,1224.6363320327735,146.9563598439328,97.97090656262188,73.4781799219664
2023-07-09,1190.1608315658473,142.81929978790166,95.21286652526778,71.40964989395083
2023-07-10,1242.5095831067777,149.10114997281332,99.40076664854222,74.55057498640666
2023-07-11,1306.5931309658295,156.79117571589953,104.52745047726636,78.39558785794976
2023-07-12,1273.422219512991,152.8106663415589,101.87377756103928,76.40533317077946
2023-07-13,1199.3821709124456,143.92586050949348,95.95057367299566,71.96293025474674
2023-07-14,1269.2877239900233,152.31452687880278,101.54301791920187,76.15726343940139
2023-07-15,1278.8628562965941,153.4635427555913,102.30902850372753,76.73177137779565
2023-07-16,1214.3819157410942,145.7258298889313,97.15055325928753,72.86291494446564
2023-07-17,1265.2490797705,151.82988957246,101.21992638164,75.91494478623
2023-07-18,1259.472277018084,151.13667324217008,100.75778216144673,75.56833662108504
2023-07-19,1198.4240622931925,143.81088747518308,95.8739249834554,71.90544373759154
2023-07-20,1272.4851370506178,152.69821644607413,101.79881096404942,76.34910822303706
2023-07-21,1281.671375561886,153.8005650674263,102.53371004495088,76.90028253371315
2023-07-22,1306.8350086685539,156.82020104022646,104.54680069348431,78.41010052011323
2023-07-23,1304.4374880042258,156.5324985605071,104.35499904033806,78.26624928025355
2023-07-24,1181.9442177553922,141.83330613064706,94.55553742043138,70.91665306532353
2023-07-25,1203.0328124459822,144.36393749351785,96.24262499567858,72.18196874675893
2023-07-26,1274.7889945439172,152.97467934527006,101.98311956351337,76.48733967263503
2023-07-27,1273.8571898648427,152.8628627837811,101.90857518918742,76.43143139189056
2023-07-28,1273.0691329210656,152.76829595052786,101.84553063368526,76.38414797526393
2023-07-29,1439.1210699409794,172.69452839291753,115.12968559527836,86.34726419645877
2023-07-30,1274.216348028828,152.90596176345935,101.93730784230624,76.45298088172967
2023-07-31,1301.65769583801,156.19892350056122,104.13261566704081,78.09946175028061
2023-08-01,1291.8080355480374,155.01696426576447,103.34464284384299,77.50848213288224
2023-08-02,1275.9276574477258,153.1113188937271,102.07421259581807,76.55565944686354
2023-08-03,1226.867059474528,147.22404713694337,98.14936475796225,73.61202356847168
2023-08-04,1279.874347618918,153.58492171427014,102.38994780951343,76.79246085713507
2023-08-05,1202.6035807701896,144.31242969242274,96.20828646161517,72.15621484621137
2023-08-06,1228.7471010392599,147.44965212471118,98.29976808314079,73.72482606235559
2023-08-07,1215.687916620304,145.88254999443646,97.25503332962431,72.94127499721823
2023-08-08,1243.4433667824742,149.2132040138969,99.47546934259793,74.60660200694845
2023-08-09,1354.5022799665871,162.54027359599044,108.36018239732698,81.27013679799522
2023-08-10,1144.8525249521845,137.38230299426212,91.58820199617476,68.69115149713106
2023-08-11,1272.0025753652428,152.64030904382912,101.76020602921943,76.32015452191456
2023-08-12,1156.5555009505463,138.78666011406554,92.5244400760437,69.39333005703277
2023-08-13,1213.1249680843002,145.574996170116,97.04999744674402,72.787498085058
2023-08-14,1290.728478631094,154.8874174357313,103.25827829048752,77.44370871786565
2023-08-15,1239.0840314075976,148.6900837689117,99.12672251260781,74.34504188445585
2023-08-16,1181.6021324044862,141.79225588853834,94.52817059235889,70.89612794426917
2023-08-17,1199.3743418145439,143.92492101774525,95.94994734516351,71.96246050887262
2023-08-18,1268.8009326485799,152.25611191782957,101.5040746118864,76.12805595891479
2023-08-19,1198.0161310140313,143.76193572168376,95.84129048112251,71.88096786084188
2023-08-20,1245.103237024292,149.41238844291502,99.60825896194336,74.70619422145751
2023-08-21,1236.337690497493,148.36052285969916,98.90701523979943,74.18026142984958
2023-08-22,1201.2913267928525,144.1549592151423,96.1033061434282,72.07747960757115
2023-08-23,1340.9147478125562,160.90976973750674,107.2731798250045,80.45488486875337
2023-08-24,1265.2941358650603,151.83529630380724,101.22353086920482,75.91764815190362
2023-08-25,1132.2566175703155,135.87079410843785,90.58052940562524,67.93539705421892
2023-08-26,1242.787413720539,149.1344896464647,99.42299309764313,74.56724482323234
2023-08-27,1200.362172434524,144.04346069214287,96.02897379476191,72.02173034607144
2023-08-28,1276.0962537806763,153.13155045368114,102.08770030245411,76.56577522684057
2023-08-29,1193.9083714746423,143.26900457695706,95.51266971797139,71.63450228847853
2023-08-30,1227.8945630923895,147.34734757108674,98.23156504739116,73.67367378554337
2023-08-31,1259.0152957148637,151.08183548578364,100.7212236571891,75.54091774289182
2023-09-01,1277.2262111889554,153.26714534267464,102.17809689511644,76.63357267133732
2023-09-02,1174.1345159883704,140.89614191860443,93.93076127906963,70.44807095930221
2023-09-03,1217.6739052191008,146.1208686262921,97.41391241752807,73.06043431314605
2023-09-04,1210.940447114328,145.31285365371934,96.87523576914624,72.65642682685967
2023-09-05,1202.349469287499,144.2819363144999,96.18795754299992,72.14096815724994
2023-09-06,1323.6566796513941,158.8388015581673,105.89253437211153,79.41940077908365
2023-09-07,1256.0412424795784,150.7249490975494,100.48329939836627,75.3624745487747
2023-09-08,1173.1966232796228,140.78359479355473,93.85572986236983,70.39179739677736
2023-09-09,1282.6233673886802,153.91480408664162,102.60986939109442,76.95740204332081
2023-09-10,1343.3686120194611,161.20423344233532,107.46948896155689,80.60211672116766
2023-09-11,1289.4559663673901,154.7347159640868,103.15647730939122,77.3673579820434
2023-09-12,1162.4777489375047,139.49732987250056,92.99821991500038,69.74866493625028
2023-09-13,1214.8899915582515,145.78679898699016,97.19119932466012,72.89339949349508
2023-09-14,1303.144853627775,156.377382435333,104.251588290222,78.1886912176665
2023-09-15,1205.1558132935986,144.61869759523182,96.41246506348789,72.30934879761591
2023-09-16,1263.5128617049425,151.6215434045931,101.0810289363954,75.81077170229655
2023-09-17,1280.8790212597316,153.7054825511678,102.47032170077853,76.8527412755839
2023-09-18,1196.669246428232,143.60030957138784,95.73353971425857,71.80015478569392
2023-09-19,1240.9511625631715,148.91413950758056,99.27609300505372,74.45706975379028
2023-09-20,1082.8191056704607,129.93829268045528,86.62552845363686,64.96914634022764
2023-09-21,1194.6616750166472,143.35940100199767,95.57293400133177,71.67970050099883
2023-09-22,1234.2949232757474,148.1153907930897,98.7435938620598,74.05769539654484
2023-09-23,1185.6202691665076,142.2744322999809,94.8496215333206,71.13721614999045
2023-09-24,1330.7600358567859,159.6912043028143,106.46080286854287,79.84560215140715
2023-09-25,1178.8064974307,141.45677969168398,94.304519794456,70.72838984584199
2023-09-26,1229.529586178511,147.5435503414213,98.36236689428088,73.77177517071065
2023-09-27,1259.3313142392649,151.11975770871177,100.74650513914119,75.55987885435589
2023-09-28,1326.164724421204,159.13976693054448,106.09317795369633,79.56988346527224
2023-09-29,1183.659082660601,142.0390899192721,94.69272661284808,71.01954495963605
2023-09-30,1315.0059065215935,157.80070878259122,105.20047252172748,78.90035439129561
2023-10-01,1258.7993287293389,151.05591944752067,100.7039462983471,75.52795972376033
2023-10-02,1210.6966444233651,145.28359733080381,96.8557315538692,72.64179866540191
2023-10-03,1284.4060998119924,154.1287319774391,102.75248798495939,77.06436598871954
2023-10-04,1272.8271979481547,152.73926375377854,101.82617583585238,76.36963187688927
2023-10-05,1234.4810712837805,148.13772855405364,98.75848570270244,74.06886427702682
2023-10-06,1269.6441000579537,152.35729200695442,101.57152800463629,76.17864600347721
2023-10-07,1248.5947259691322,149.83136711629587,99.88757807753058,74.91568355814793
2023-10-08,1275.286949922388,153.03443399068655,102.02295599379104,76.51721699534328
2023-10-09,1304.5124844669017,156.5414981360282,104.36099875735214,78.2707490680141
2023-10-10,1352.545762157325,162.305491458879,108.20366097258601,81.1527457294395
2023-10-11,1213.2371177723412,145.58845413268094,97.0589694217873,72.79422706634047
2023-10-12,1383.7064187524022,166.04477025028825,110.69651350019218,83.02238512514413
2023-10-13,1181.4209754751573,141.77051705701888,94.51367803801259,70.88525852850944
2023-10-14,1273.4503434740172,152.81404121688206,101.87602747792138,76.40702060844103
2023-10-15,1312.513154959632,157.50157859515582,105.00105239677056,78.75078929757791
2023-10-16,1299.2478814799128,155.90974577758954,103.93983051839302,77.95487288879477
2023-10-17,1256.2074231912504,150.74489078295005,100.49659385530003,75.37244539147503
2023-10-18,1279.123323191421,153.4947987829705,102.32986585531367,76.74739939148525
2023-10-19,1267.1091460280234,152.0530975233628,101.36873168224187,76.0265487616814
2023-10-20,1264.5632149178882,151.7475857901466,101.16505719343105,75.8737928950733
2023-10-21,1338.8260904059728,160.65913084871673,107.10608723247782,80.32956542435836
2023-10-22,1316.5533227355822,157.98639872826988,105.32426581884658,78.99319936413494
2023-10-23,1266.455406501764,151.97464878021168,101.31643252014112,75.98732439010584
2023-10-24,1348.5207252826394,161.82248703391673,107.88165802261116,80.91124351695836
2023-10-25,1321.3867803938128,158.56641364725755,105.71094243150503,79.28320682362877
2023-10-26,1349.1869186812467,161.90243024174958,107.93495349449974,80.95121512087479
2023-10-27,1342.5878946025052,161.1105473523006,107.40703156820042,80.5552736761503
2023-10-28,1272.259656892401,152.6711588270881,101.78077255139208,76.33557941354405
2023-10-29,1288.3432973671813,154.60119568406176,103.06746378937451,77.30059784203088
2023-10-30,1356.399618570242,162.76795422842903,108.51196948561936,81.38397711421452
2023-10-31,1352.2753357652412,162.27304029182892,108.1820268612193,81.13652014591446
2023-11-01,1323.4725588171784,158.8167070580614,105.87780470537427,79.4083535290307
2023-11-02,1333.1833806085156,159.98200567302186,106.65467044868124,79.99100283651093
2023-11-03,1394.0377997043597,167.28453596452317,111.52302397634878,83.64226798226159
2023-11-04,1303.4513018167256,156.41415621800707,104.27610414533805,78.20707810900353
2023-11-05,1363.2974206669408,163.59569048003289,109.06379365335526,81.79784524001644
2023-11-06,1328.782543405874,159.4539052087049,106.30260347246993,79.72695260435245
2023-11-07,1330.9942534700872,159.71931041641045,106.47954027760697,79.85965520820523
2023-11-08,1399.8393653153316,167.9807238378398,111.98714922522653,83.9903619189199
2023-11-09,1389.2291683376795,166.70750020052154,111.13833346701436,83.35375010026077
2023-11-10,1391.7268170008313,167.00721804009976,111.3381453600665,83.50360902004988
2023-11-11,1419.4529426461625,170.33435311753948,113.556235411693,85.16717655876974
2023-11-12,1358.3910605905116,163.00692727086138,108.67128484724094,81.50346363543069
2023-11-13,1394.634088650544,167.3560906380653,111.57072709204353,83.67804531903265
2023-11-14,1348.2518754256296,161.79022505107554,107.86015003405036,80.89511252553777
2023-11-15,1383.2349920395566,165.98819904474678,110.65879936316453,82.99409952237339
2023-11-16,1363.813147558492,163.65757770701902,109.10505180467935,81.82878885350951
2023-11-17,1378.4953562706523,165.41944275247826,110.27962850165218,82.70972137623913
2023-11-18,1406.7597567266805,168.81117080720165,112.54078053813444,84.40558540360082
2023-11-19,1339.4777570113906,160.73733084136686,107.15822056091125,80.36866542068343
2023-11-20,1488.4250185055585,178.61100222066702,119.07400148044468,89.30550111033351
2023-11-21,1336.951057687016,160.4341269224419,106.95608461496127,80.21706346122095
2023-11-22,1330.017598603956,159.60211183247472,106.40140788831648,79.80105591623736
2023-11-23,1452.1359192453638,174.25631030944365,116.1708735396291,87.12815515472182
2023-11-24,1437.3445054769895,172.48134065723875,114.98756043815916,86.24067032861937
2023-11-25,1432.525402564226,171.9030483077071,114.60203220513807,85.95152415385355
2023-11-26,1436.3211626604977,172.35853951925972,114.90569301283982,86.17926975962986
2023-11-27,1407.9018395889616,168.94822075067538,112.63214716711693,84.47411037533769
2023-11-28,1367.2869395851615,164.07443275021936,109.38295516681292,82.03721637510968
2023-11-29,1419.5999207731588,170.35199049277907,113.56799366185271,85.17599524638953
2023-11-30,1385.6355553734004,166.27626664480803,110.85084442987204,83.13813332240402
2023-12-01,1471.9568406065316,176.6348208727838,117.75654724852254,88.3174104363919
2023-12-02,1419.577807373977,170.34933688487723,113.56622458991816,85.17466844243862
2023-12-03,1389.4075865757081,166.72891038908497,111.15260692605665,83.36445519454249
2023-12-04,1418.3862031742456,170.20634438090946,113.47089625393964,85.10317219045473
2023-12-05,1458.8957208046638,175.06748649655964,116.7116576643731,87.53374324827982
2023-12-06,1413.8764962888017,169.6651795546562,113.11011970310415,84.8325897773281
2023-12-07,1404.7845161010173,168.57414193212207,112.38276128808138,84.28707096606104
2023-12-08,1461.931251924507,175.43175023094085,116.95450015396057,87.71587511547042
2023-12-09,1465.8644208093237,175.90373049711883,117.2691536647459,87.95186524855941
2023-12-10,1432.1552764478924,171.85863317374708,114.5724221158314,85.92931658687354
2023-12-11,1437.8532965022991,172.5423955802759,115.02826372018393,86.27119779013795
2023-12-12,1476.9262054980572,177.23114465976687,118.15409643984458,88.61557232988343
2023-12-13,1396.8529907001923,167.62235888402307,111.74823925601538,83.81117944201154
2023-12-14,1402.8317980712632,168.33981576855157,112.22654384570106,84.16990788427579
2023-12-15,1441.2441079534424,172.94929295441307,115.2995286362754,86.47464647720653
2023-12-16,1470.4681161920682,176.45617394304819,117.63744929536546,88.22808697152409
2023-12-17,1500.6720948798697,180.08065138558436,120.05376759038958,90.04032569279218
2023-12-18,1562.8921202736042,187.54705443283248,125.03136962188833,93.77352721641624
2023-12-19,1536.0154919961162,184.32185903953393,122.8812393596893,92.16092951976697
2023-12-20,1489.1536497677969,178.69843797213562,119.13229198142375,89.34921898606781
2023-12-21,1500.2269478342614,180.02723374011137,120.01815582674091,90.01361687005569
2023-12-22,1455.0868383063917,174.610420596767,116.40694706451133,87.3052102983835
2023-12-23,1508.330811725863,180.99969740710355,120.66646493806904,90.49984870355178
2023-12-24,1498.873557321749,179.86482687860988,119.90988458573993,89.93241343930494
2023-12-25,1533.4985398263684,184.0198247791642,122.67988318610948,92.0099123895821
2023-12-26,1480.0625302092565,177.60750362511078,118.40500241674052,88.80375181255539
2023-12-27,1551.4574513650507,186.17489416380607,124.11659610920405,93.08744708190304
2023-12-28,1606.196940553011,192.7436328663613,128.49575524424088,96.37181643318065
2023-12-29,1528.1949148765204,183.38338978518246,122.25559319012164,91.69169489259123
2023-12-30,1557.7937302040077,186.93524762448092,124.62349841632061,93.46762381224046
2023-12-31,1576.292095464274,189.15505145571288,126.10336763714193,94.57752572785644
2024-01-01,1525.8013891674232,183.09616670009078,122.06411113339385,91.54808335004539
2024-01-02,1561.144553735232,187.33734644822783,124.89156429881857,93.66867322411392
2024-01-03,1554.6463014634587,186.55755617561505,124.3717041170767,93.27877808780752
2024-01-04,1562.9757081515077,187.5570849781809,125.03805665212062,93.77854248909046
2024-01-05,1523.514341427774,182.8217209713329,121.88114731422193,91.41086048566645
2024-01-06,1567.4602085833844,188.09522503000613,125.39681668667076,94.04761251500307
2024-01-07,1595.2006626988293,191.42407952385952,127.61605301590635,95.71203976192976
2024-01-08,1646.9193941037177,197.6303272924461,131.7535515282974,98.81516364622306
2024-01-09,1626.381877559934,195.16582530719208,130.11055020479472,97.58291265359604
2024-01-10,1690.127479873525,202.815297584823,135.210198389882,101.4076487924115
2024-01-11,1548.1441408407454,185.77729690088944,123.85153126725963,92.88864845044472
2024-01-12,1634.163099130068,196.09957189560816,130.73304793040546,98.04978594780408
2024-01-13,1603.7413495443789,192.44896194532546,128.29930796355032,96.22448097266273
2024-01-14,1708.082461348298,204.96989536179575,136.64659690786385,102.48494768089787
2024-01-15,1562.1856018295457,187.46227221954547,124.97484814636366,93.73113610977273
2024-01-16,1564.6120168144212,187.75344201773052,125.16896134515369,93.87672100886526
2024-01-17,1580.6147194735674,189.6737663368281,126.44917755788539,94.83688316841405
2024-01-18,1508.363720291875,181.00364643502502,120.66909762335001,90.50182321751251
2024-01-19,1592.2320876493004,191.06785051791604,127.37856701194404,95.53392525895802
2024-01-20,1584.5109846706862,190.14131816048234,126.7608787736549,95.07065908024117
2024-01-21,1633.920806217065,196.0704967460478,130.71366449736522,98.0352483730239
2024-01-22,1647.4074125290726,197.68888950348872,131.79259300232582,98.84444475174436
2024-01-23,1728.0309322677754,207.36371187213302,138.24247458142204,103.68185593606651
2024-01-24,1685.6299251788446,202.27559102146134,134.85039401430757,101.13779551073067
2024-01-25,1613.132751390398,193.57593016684774,129.05062011123184,96.78796508342387
2024-01-26,1600.9085560766728,192.10902672920074,128.07268448613382,96.05451336460037
2024-01-27,1674.2580601697543,200.9109672203705,133.94064481358035,100.45548361018525
2024-01-28,1587.4640170815148,190.49568204978178,126.99712136652118,95.24784102489089
2024-01-29,1748.842268559252,209.86107222711024,139.90738148474017,104.93053611355512
2024-01-30,1720.0143851441603,206.40172621729923,137.60115081153282,103.20086310864961
2024-01-31,1641.3353664691103,196.96024397629324,131.30682931752884,98.48012198814662
2024-02-01,1582.867245133242,189.94406941598905,126.62937961065937,94.97203470799452
2024-02-02,1739.9248032826945,208.79097639392333,139.19398426261557,104.39548819696167
2024-02-03,1670.1881403973266,200.42257684767918,133.61505123178614,100.21128842383959
2024-02-04,1741.4659829626494,208.97591795551793,139.31727863701195,104.48795897775896
2024-02-05,1603.489264352404,192.41871172228846,128.2791411481923,96.20935586114423
2024-02-06,1656.8521871784571,198.82226246141485,132.54817497427658,99.41113123070743
2024-02-07,1690.6675987977205,202.88011185572645,135.25340790381765,101.44005592786323
2024-02-08,1696.3124844328238,203.55749813193884,135.7049987546259,101.77874906596942
2024-02-09,1674.9911763791072,200.99894116549285,133.99929411032858,100.49947058274643
2024-02-10,1732.1402928974617,207.8568351476954,138.57122343179694,103.9284175738477
2024-02-11,1651.091877292299,198.13102527507587,132.0873501833839,99.06551263753794
2024-02-12,1700.8001965510798,204.09602358612958,136.06401572408637,102.04801179306479
2024-02-13,1717.3508159359606,206.08209791231525,137.38806527487685,103.04104895615762
2024-02-14,1740.4448617715327,208.85338341258392,139.23558894172263,104.42669170629196
2024-02-15,1753.6600114068574,210.4392013688229,140.29280091254859,105.21960068441145
2024-02-16,1665.17242065466,199.82069047855921,133.2137936523728,99.91034523927961
2024-02-17,1647.992442571514,197.75909310858168,131.83939540572112,98.87954655429084
2024-02-18,1791.8434533630525,215.0212144035663,143.3474762690442,107.51060720178315
2024-02-19,1747.8040860366134,209.7364903243936,139.82432688292909,104.8682451621968
2024-02-20,1696.9596301867284,203.6351556224074,135.75677041493827,101.8175778112037
2024-02-21,1815.1034220111096,217.81241064133314,145.20827376088877,108.90620532066657
2024-02-22,1746.4572220372731,209.57486664447276,139.71657776298184,104.78743332223638
2024-02-23,1802.731333838343,216.32776006060115,144.21850670706746,108.16388003030058
2024-02-24,1750.2002268779631,210.02402722535558,140.01601815023704,105.01201361267779
2024-02-25,1852.883908136081,222.3460689763297,148.2307126508865,111.17303448816484
2024-02-26,1840.5996916180209,220.8719629941625,147.2479753294417,110.43598149708124
2024-02-27,1743.3340664910372,209.20008797892447,139.46672531928297,104.60004398946224
2024-02-28,1807.27350181263,216.8728202175156,144.58188014501042,108.4364101087578
2024-02-29,1793.8390680877483,215.2606881705298,143.50712544701986,107.6303440852649
2024-03-01,1832.8393919569708,219.94072703483647,146.62715135655768,109.97036351741824
2024-03-02,1718.9610139790384,206.2753216774846,137.51688111832308,103.1376608387423
2024-03-03,1804.2705760297838,216.51246912357405,144.3416460823827,108.25623456178702
2024-03-04,1825.6111115518306,219.07333338621967,146.04888892414644,109.53666669310984
2024-03-05,1687.4355018252443,202.4922602190293,134.99484014601956,101.24613010951465
2024-03-06,1718.8524924516366,206.26229909419638,137.50819939613095,103.13114954709819
2024-03-07,1678.6567641291,201.438811695492,134.292541130328,100.719405847746
2024-03-08,1769.7106710619032,212.36528052742838,141.57685368495225,106.18264026371419
2024-03-09,1821.5801339632453,218.58961607558942,145.72641071705962,109.29480803779471
2024-03-10,1863.3019466172539,223.59623359407047,149.0641557293803,111.79811679703523
2024-03-11,1794.3286782796217,215.3194413935546,143.54629426236974,107.6597206967773
2024-03-12,1874.4530543646645,224.93436652375973,149.95624434917315,112.46718326187987
2024-03-13,1726.3737670577636,207.16485204693163,138.1099013646211,103.58242602346581
2024-03-14,1712.5242507905732,205.50291009486878,137.00194006324585,102.75145504743439
2024-03-15,1797.188247817634,215.66258973811605,143.77505982541072,107.83129486905803
2024-03-16,1821.3986622611108,218.5678394713333,145.71189298088888,109.28391973566664
2024-03-17,1802.7476889364448,216.32972267237338,144.21981511491558,108.16486133618669
2024-03-18,1703.1544324282747,204.37853189139295,136.252354594262,102.18926594569648
2024-03-19,1804.1715289123872,216.50058346948646,144.33372231299097,108.25029173474323
2024-03-20,1745.4617522723906,209.45541027268686,139.63694018179126,104.72770513634343
2024-03-21,1846.183087513649,221.54197050163788,147.69464700109194,110.77098525081894
2024-03-22,1832.999987808683,219.95999853704197,146.63999902469465,109.97999926852098
2024-03-23,1769.6029434933782,212.35235321920538,141.56823547947027,106.17617660960269
2024-03-24,1792.7865583065375,215.13438699678449,143.422924664523,107.56719349839224
2024-03-25,1767.3581986881327,212.0829838425759,141.38865589505062,106.04149192128796
2024-03-26,1818.9797879999458,218.2775745599935,145.51838303999565,109.13878727999675
2024-03-27,1871.6215357362714,224.59458428835256,149.7297228589017,112.29729214417628
2024-03-28,1776.2845273981998,213.15414328778397,142.102762191856,106.57707164389198
2024-03-29,1852.4352361576016,222.2922283389122,148.19481889260814,111.1461141694561
2024-03-30,1802.3377314353268,216.2805277722392,144.18701851482615,108.1402638861196
2024-03-31,1790.7802578114834,214.893630937378,143.26242062491866,107.446815468689
2024-04-01,1826.601230549939,219.19214766599265,146.12809844399513,109.59607383299632
2024-04-02,1781.6750337241012,213.80100404689213,142.53400269792812,106.90050202344607
2024-04-03,1807.1946413422252,216.863356961067,144.57557130737803,108.4316784805335
2024-04-04,1776.3787406744143,213.16544888092972,142.11029925395314,106.58272444046486
2024-04-05,1935.860022201351,232.30320266416211,154.86880177610809,116.15160133208106
2024-04-06,1840.693717747056,220.88324612964672,147.25549741976448,110.44162306482336
2024-04-07,1805.2067396104405,216.62480875325286,144.41653916883524,108.31240437662643
2024-04-08,1852.1102547314094,222.25323056776912,148.16882037851275,111.12661528388456
2024-04-09,1836.968952378684,220.43627428544207,146.9575161902947,110.21813714272103
2024-04-10,1832.6669172820184,219.9200300738422,146.61335338256148,109.9600150369211
2024-04-11,1875.5098296801953,225.06117956162342,150.04078637441563,112.53058978081171
2024-04-12,1883.7191539424334,226.046298473092,150.69753231539468,113.023149236546
2024-04-13,1820.3172954689892,218.43807545627868,145.62538363751915,109.21903772813934
2024-04-14,1819.0064831249342,218.2807779749921,145.52051864999473,109.14038898749605
2024-04-15,1834.9564706587112,220.19477647904534,146.7965176526969,110.09738823952267
2024-04-16,1734.4814486983857,208.1377738438063,138.75851589587086,104.06888692190314
2024-04-17,1774.6433821158714,212.95720585390455,141.9714705692697,106.47860292695228
2024-04-18,1919.5292523211183,230.34351027853418,153.56234018568946,115.17175513926709
2024-04-19,1934.1739150300498,232.10086980360597,154.73391320240398,116.05043490180299
2024-04-20,1840.1713283440467,220.8205594012856,147.21370626752375,110.4102797006428
2024-04-21,1882.1064264410127,225.8527711729215,150.568514115281,112.92638558646075
2024-04-22,1869.4546299107735,224.33455558929282,149.55637039286188,112.16727779464641
2024-04-23,2008.408063777362,241.00896765328343,160.67264510218897,120.50448382664172
2024-04-24,1910.9733010592172,229.31679612710604,152.87786408473738,114.65839806355302
2024-04-25,1849.0881249530164,221.89057499436197,147.92704999624132,110.94528749718098
2024-04-26,1808.1556465618778,216.97867758742532,144.65245172495023,108.48933879371266
2024-04-27,1776.018541873212,213.12222502478542,142.08148334985697,106.56111251239271
2024-04-28,1866.8820764006066,224.0258491680728,149.35056611204854,112.0129245840364
2024-04-29,1819.2195755868388,218.30634907042065,145.53756604694712,109.15317453521033
2024-04-30,1786.213173032398,214.34558076388774,142.89705384259184,107.17279038194387
2024-05-01,1825.2468449701441,219.0296213964173,146.01974759761154,109.51481069820865
2024-05-02,1803.7089738622603,216.44507686347123,144.29671790898084,108.22253843173561
2024-05-03,1942.315975511217,233.07791706134603,155.38527804089736,116.53895853067301
2024-05-04,1902.1754282051677,228.26105138462012,152.17403425641342,114.13052569231006
2024-05-05,1857.7917850613214,222.93501420735856,148.62334280490572,111.46750710367928
2024-05-06,1932.247445427066,231.8696934512479,154.57979563416527,115.93484672562396
2024-05-07,1862.1417452328676,223.45700942794412,148.9713396186294,111.72850471397206
2024-05-08,1815.195917474949,217.82351009699389,145.21567339799591,108.91175504849694
2024-05-09,1934.367282483717,232.12407389804602,154.74938259869737,116.06203694902301
2024-05-10,1885.0721429585028,226.20865715502032,150.80577143668023,113.10432857751016
2024-05-11,1806.1449744608171,216.73739693529805,144.49159795686538,108.36869846764903
2024-05-12,1848.336547446106,221.8003856935327,147.86692379568848,110.90019284676634
2024-05-13,1813.8848143518894,217.66617772222673,145.11078514815117,108.83308886111337
2024-05-14,1788.3045314300198,214.59654377160237,143.06436251440158,107.29827188580119
2024-05-15,1903.4992403001236,228.41990883601483,152.2799392240099,114.20995441800741
2024-05-16,1952.3746123450903,234.28495348141084,156.18996898760722,117.14247674070542
2024-05-17,1786.65691955493,214.3988303465916,142.9325535643944,107.1994151732958
2024-05-18,1884.383916057007,226.1260699268408,150.75071328456056,113.0630349634204
2024-05-19,1823.322666614514,218.79871999374168,145.8658133291611,109.39935999687084
2024-05-20,1831.0876075524693,219.7305129062963,146.48700860419754,109.86525645314815
2024-05-21,1825.3835679377144,219.0460281525257,146.03068543501715,109.52301407626285
2024-05-22,1811.33399252941,217.3600791035292,144.9067194023528,108.6800395517646
2024-05-23,1856.461341074154,222.77536092889846,148.51690728593232,111.38768046444923
2024-05-24,1811.9615351211057,217.4353842145327,144.95692280968845,108.71769210726634
2024-05-25,1866.4783151795098,223.97739782154116,149.3182652143608,111.98869891077058
2024-05-26,1849.8632602378148,221.98359122853776,147.98906081902518,110.99179561426888
2024-05-27,1839.8213291683503,220.77855950020202,147.18570633346803,110.38927975010101
2024-05-28,1805.7586110450895,216.69103332541073,144.46068888360716,108.34551666270536
2024-05-29,1821.6414174979454,218.59697009975343,145.73131339983564,109.29848504987672
2024-05-30,1887.5685002204634,226.5082200264556,151.00548001763707,113.2541100132278
2024-05-31,1874.1401631981037,224.89681958377244,149.9312130558483,112.44840979188622
2024-06-01,1799.4889684010664,215.93867620812796,143.95911747208532,107.96933810406398
2024-06-02,1852.5834934215136,222.31001921058163,148.2066794737211,111.15500960529081
2024-06-03,1884.4147678630386,226.12977214356462,150.75318142904308,113.06488607178231
2024-06-04,1762.5827389731915,211.50992867678298,141.0066191178553,105.75496433839149
2024-06-05,1872.4083397341833,224.68900076810198,149.79266717873466,112.34450038405099
2024-06-06,1811.276888970374,217.35322667644488,144.90215111762993,108.67661333822244
2024-06-07,1872.0868666338556,224.65042399606267,149.76694933070846,112.32521199803134
2024-06-08,1804.5246365128198,216.54295638153837,144.3619709210256,108.27147819076919
2024-06-09,1751.5566560484658,210.1867987258159,140.12453248387726,105.09339936290795
2024-06-10,1759.520017476025,211.14240209712298,140.761601398082,105.57120104856149
2024-06-11,1842.3816874540182,221.08580249448218,147.39053499632146,110.54290124724109
2024-06-12,1852.0285040997137,222.24342049196562,148.1622803279771,111.12171024598281
2024-06-13,1792.876845024735,215.1452214029682,143.4301476019788,107.5726107014841
2024-06-14,1869.0586794290946,224.28704153149135,149.52469435432758,112.14352076574568
2024-06-15,1753.076245225258,210.36914942703095,140.24609961802065,105.18457471351547
2024-06-16,1831.85899449528,219.8230793394336,146.5487195596224,109.9115396697168
2024-06-17,1773.6111910620834,212.83334292745,141.88889528496668,106.416671463725
2024-06-18,1800.5582325821708,216.0669879098605,144.04465860657368,108.03349395493025
2024-06-19,1834.497771779098,220.13973261349176,146.75982174232783,110.06986630674588
2024-06-20,1788.0754795617684,214.5690575474122,143.04603836494147,107.2845287737061
2024-06-21,1810.8279384638936,217.29935261566723,144.8662350771115,108.64967630783362
2024-06-22,1879.3219336776713,225.51863204132056,150.3457546942137,112.75931602066028
2024-06-23,1799.1070407976165,215.89284489571398,143.9285632638093,107.94642244785699
2024-06-24,1868.6741004165578,224.24089204998694,149.49392803332464,112.12044602499347
2024-06-25,1769.336289990408,212.32035479884894,141.54690319923264,106.16017739942447
2024-06-26,1851.2390164830001,222.14868197796,148.09912131864002,111.07434098898
2024-06-27,1895.7502114921915,227.49002537906298,151.66001691937532,113.74501268953149
2024-06-28,1699.0090886324028,203.88109063588834,135.92072709059224,101.94054531794417
2024-06-29,1781.6634076706753,213.79960892048103,142.533072613654,106.89980446024052
2024-06-30,1849.2767213462375,221.9132065615485,147.942137707699,110.95660328077425
2024-07-01,1809.1846426439156,217.10215711726985,144.73477141151326,108.55107855863493
2024-07-02,1836.8076200076453,220.41691440091742,146.9446096006116,110.20845720045871
2024-07-03,1786.964863962143,214.43578367545715,142.95718911697145,107.21789183772857
2024-07-04,1820.4085572145905,218.44902686575085,145.63268457716725,109.22451343287543
2024-07-05,1807.2120628767732,216.8654475452128,144.57696503014185,108.4327237726064
2024-07-06,1872.3045609088383,224.6765473090606,149.78436487270707,112.3382736545303
2024-07-07,1825.5594728629694,219.06713674355632,146.04475782903756,109.53356837177816
2024-07-08,1828.6457386656155,219.43748863987383,146.29165909324925,109.71874431993692
2024-07-09,1790.1038951657201,214.81246741988642,143.20831161325762,107.40623370994321
2024-07-10,1785.2552928077462,214.23063513692952,142.8204234246197,107.11531756846476
2024-07-11,1786.9520356772146,214.43424428126573,142.95616285417717,107.21712214063287
2024-07-12,1827.2541297286748,219.27049556744097,146.18033037829397,109.63524778372049
2024-07-13,1785.4418664181658,214.2530239701799,142.83534931345326,107.12651198508995
2024-07-14,1819.9481429166876,218.3937771500025,145.595851433335,109.19688857500125
2024-07-15,1908.2072402451377,228.9848688294165,152.65657921961102,114.49243441470826
2024-07-16,1846.981472406523,221.63777668878274,147.75851779252184,110.81888834439137
2024-07-17,1786.1230772491065,214.33476926989277,142.88984617992853,107.16738463494639
2024-07-18,1861.4956860546358,223.37948232655629,148.91965488437086,111.68974116327814
2024-07-19,1780.0544131438412,213.60652957726094,142.4043530515073,106.80326478863047
2024-07-20,1697.5883352462965,203.71060022955558,135.80706681970372,101.85530011477779
2024-07-21,1748.1405437256346,209.77686524707616,139.85124349805076,104.88843262353808
2024-07-22,1704.070202112903,204.48842425354835,136.32561616903223,102.24421212677417
2024-07-23,1779.1144247128966,213.4937309655476,142.32915397703172,106.7468654827738
2024-07-24,1796.7073961629308,215.6048875395517,143.73659169303446,107.80244376977585
2024-07-25,1878.7215095589634,225.4465811470756,150.29772076471707,112.7232905735378
2024-07-26,1810.3766737691549,217.24520085229858,144.8301339015324,108.62260042614929
2024-07-27,1782.224134927035,213.8668961912442,142.5779307941628,106.9334480956221
2024-07-28,1833.8171872291327,220.05806246749592,146.7053749783306,110.02903123374796
2024-07-29,1680.9774698054905,201.71729637665885,134.47819758443924,100.85864818832943
2024-07-30,1802.5225544961233,216.3027065395348,144.20180435968987,108.1513532697674
2024-07-31,1828.5136198294406,219.42163437953286,146.28108958635525,109.71081718976643
2024-08-01,1715.2911953551586,205.83494344261902,137.2232956284127,102.91747172130951
2024-08-02,1845.6806366286066,221.4816763954328,147.65445093028853,110.7408381977164
2024-08-03,1804.7131197306899,216.56557436768279,144.3770495784552,108.28278718384139
2024-08-04,1766.3428585637428,211.96114302764911,141.30742868509944,105.98057151382456
2024-08-05,1818.0895374432894,218.17074449319472,145.44716299546315,109.08537224659736
2024-08-06,1899.3531496636936,227.92237795964323,151.9482519730955,113.96118897982161
2024-08-07,1794.3053853277975,215.31664623933568,143.5444308262238,107.65832311966784
2024-08-08,1797.0427937096433,215.64513524515718,143.76342349677148,107.82256762257859
2024-08-09,1761.110152366475,211.33321828397698,140.888812189318,105.66660914198849
2024-08-10,1741.0597601349925,208.9271712161991,139.28478081079942,104.46358560809955
2024-08-11,1824.570498098956,218.94845977187472,145.9656398479165,109.47422988593736
2024-08-12,1739.7797828400435,208.77357394080522,139.18238262720348,104.38678697040261
2024-08-13,1785.7216734054105,214.28660080864924,142.85773387243285,107.14330040432462
2024-08-14,1757.8495708762835,210.94194850515402,140.62796567010267,105.47097425257701
2024-08-15,1805.3007753499858,216.6360930419983,144.42406202799887,108.31804652099915
2024-08-16,1797.6850453036047,215.72220543643257,143.81480362428837,107.86110271821629
2024-08-17,1832.5604551764557,219.90725462117467,146.60483641411645,109.95362731058734
2024-08-18,1754.896055418866,210.5875266502639,140.39168443350928,105.29376332513195
2024-08-19,1766.6489735422394,211.99787682506872,141.33191788337916,105.99893841253436
2024-08-20,1730.983325474902,207.71799905698822,138.47866603799216,103.85899952849411
2024-08-21,1757.5190939310528,210.90229127172634,140.60152751448422,105.45114563586317
2024-08-22,1798.4449807602475,215.81339769122968,143.87559846081982,107.90669884561484
2024-08-23,1817.3100283431424,218.0772034011771,145.3848022674514,109.03860170058854
2024-08-24,1733.2678934560297,207.99214721472356,138.6614314764824,103.99607360736178
2024-08-25,1822.8074067490656,218.73688880988786,145.82459253992525,109.36844440494393
2024-08-26,1847.0958013749057,221.65149616498869,147.76766410999247,110.82574808249434
2024-08-27,1800.0087449637651,216.00104939565182,144.0006995971012,108.00052469782591
2024-08-28,1873.2366117858953,224.78839341430742,149.85892894287164,112.39419670715371
2024-08-29,1740.8043379722708,208.8965205566725,139.26434703778168,104.44826027833625
2024-08-30,1717.395609361985,206.08747312343817,137.3916487489588,103.04373656171909
2024-08-31,1690.8648517969505,202.90378221563404,135.26918814375603,101.45189110781702
2024-09-01,1854.813964677333,222.57767576127995,148.38511717418663,111.28883788063997
2024-09-02,1812.979662590566,217.55755951086792,145.0383730072453,108.77877975543396
2024-09-03,1777.7708918885678,213.33250702662812,142.22167135108543,106.66625351331406
2024-09-04,1794.8767749938902,215.38521299926683,143.59014199951122,107.69260649963341
2024-09-05,1724.9719280341353,206.99663136409623,137.99775424273082,103.49831568204812
2024-09-06,1903.9421686740868,228.47306024089042,152.31537349392696,114.23653012044521
2024-09-07,1788.5642928568511,214.62771514282213,143.0851434285481,107.31385757141106
2024-09-08,1788.0624225279005,214.56749070334806,143.04499380223203,107.28374535167403
2024-09-09,1819.411546125479,218.32938553505747,145.5529236900383,109.16469276752873
2024-09-10,1807.7455776883833,216.929469322606,144.61964621507067,108.464734661303
2024-09-11,1795.502861210877,215.46034334530523,143.64022889687016,107.73017167265262
2024-09-12,1745.4403851910135,209.4528462229216,139.6352308152811,104.7264231114608
2024-09-13,1809.235126786959,217.10821521443506,144.7388101429567,108.55410760721753
2024-09-14,1880.5029241600043,225.66035089920052,150.44023393280034,112.83017544960026
2024-09-15,1854.4553053670945,222.53463664405135,148.35642442936756,111.26731832202567
2024-09-16,1867.6690626819495,224.12028752183394,149.41352501455597,112.06014376091697
2024-09-17,1763.317398947292,211.59808787367504,141.06539191578338,105.79904393683752
2024-09-18,1740.309602115047,208.83715225380564,139.22476816920377,104.41857612690282
2024-09-19,1784.4555394306465,214.13466473167756,142.75644315445172,107.06733236583878
2024-09-20,1794.529715459511,215.3435658551413,143.56237723676088,107.67178292757065
2024-09-21,1847.4953195306678,221.69943834368013,147.79962556245343,110.84971917184006
2024-09-22,1709.2486095407241,205.1098331448869,136.73988876325794,102.55491657244345
2024-09-23,1871.4793993949497,224.57752792739396,149.718351951596,112.28876396369698
2024-09-24,1788.275584161497,214.59307009937962,143.06204673291975,107.29653504968981
2024-09-25,1776.050169777704,213.12602037332448,142.08401358221633,106.56301018666224
2024-09-26,1748.0514793736666,209.76617752483997,139.84411834989334,104.88308876241999
2024-09-27,1717.2206391363245,206.06647669635893,137.37765113090597,103.03323834817947
2024-09-28,1842.4731321793836,221.09677586152603,147.39785057435068,110.54838793076301
2024-09-29,1806.3760300349804,216.76512360419764,144.51008240279845,108.38256180209882
2024-09-30,1739.6520434530216,208.75824521436257,139.17216347624174,104.37912260718129
2024-10-01,1740.8805511342969,208.90566613611563,139.27044409074375,104.45283306805781
2024-10-02,1790.3741038960372,214.84489246752446,143.22992831168298,107.42244623376223
2024-10-03,1892.187702195666,227.0625242634799,151.3750161756533,113.53126213173995
2024-10-04,1797.374760335255,215.68497124023057,143.7899808268204,107.84248562011528
2024-10-05,1736.8592609142624,208.4231113097115,138.948740873141,104.21155565485574
2024-10-06,1801.4356653696377,216.17227984435652,144.11485322957103,108.08613992217826
2024-10-07,1801.8373169341567,216.22047803209878,144.14698535473255,108.11023901604939
2024-10-08,1682.4240313554858,201.8908837626583,134.59392250843888,100.94544188132915
2024-10-09,1816.3925907858816,217.9671108943058,145.31140726287052,108.9835554471529
2024-10-10,1809.4435789649644,217.13322947579573,144.75548631719715,108.56661473789786
2024-10-11,1857.7274810219747,222.92729772263695,148.618198481758,111.46364886131848
2024-10-12,1917.3355829602647,230.08026995523176,153.3868466368212,115.04013497761588
2024-10-13,1883.2302624648992,225.9876314957879,150.65842099719194,112.99381574789395
2024-10-14,1815.5152728693763,217.86183274432514,145.2412218295501,108.93091637216257
2024-10-15,1775.7344054177927,213.0881286501351,142.05875243342342,106.54406432506755
2024-10-16,1961.872802106488,235.42473625277856,156.94982416851906,117.71236812638928
2024-10-17,1838.3527701717237,220.60233242060684,147.0682216137379,110.30116621030342
2024-10-18,1838.318070118327,220.59816841419922,147.06544560946617,110.29908420709961
2024-10-19,1838.6876111713136,220.64251334055763,147.09500889370509,110.32125667027881
2024-10-20,1852.112636355029,222.25351636260348,148.16901090840233,111.12675818130174
2024-10-21,1837.3469406028473,220.48163287234166,146.98775524822778,110.24081643617083
2024-10-22,1818.2801986824995,218.19362384189995,145.46241589459996,109.09681192094997
2024-10-23,1822.0601972106722,218.64722366528065,145.76481577685377,109.32361183264032
2024-10-24,1850.2465536008972,222.02958643210766,148.01972428807179,111.01479321605383
2024-10-25,1827.2349869443253,219.26819843331904,146.17879895554603,109.63409921665952
2024-10-26,1821.3265761341813,218.55918913610176,145.7061260907345,109.27959456805088
2024-10-27,1864.8933315848144,223.7871997901777,149.19146652678515,111.89359989508885
2024-10-28,1849.4659012677018,221.9359081521242,147.95727210141615,110.9679540760621
2024-10-29,1940.097000504928,232.81164006059134,155.20776004039425,116.40582003029567
2024-10-30,1735.0707448356325,208.2084893802759,138.8056595868506,104.10424469013795
2024-10-31,1924.955393873224,230.99464726478686,153.99643150985793,115.49732363239343
2024-11-01,1935.4836838296724,232.25804205956067,154.8386947063738,116.12902102978033
2024-11-02,1772.3474560562458,212.6816947267495,141.78779648449967,106.34084736337475
2024-11-03,1861.7579043162148,223.41094851794577,148.9406323452972,111.70547425897288
2024-11-04,1863.2329210703642,223.5879505284437,149.05863368562913,111.79397526422186
2024-11-05,1814.3790040533927,217.72548048640712,145.1503203242714,108.86274024320356
2024-11-06,1848.8498920136194,221.8619870416343,147.90799136108956,110.93099352081715
2024-11-07,1835.2341432043954,220.22809718452746,146.81873145635163,110.11404859226373
2024-11-08,1981.434285821174,237.77211429854086,158.51474286569393,118.88605714927043
2024-11-09,1943.6976676198872,233.24372011438646,155.49581340959097,116.62186005719323
2024-11-10,1963.6191697998688,235.63430037598425,157.08953358398952,117.81715018799213
2024-11-11,1939.2868844727502,232.71442613673003,155.14295075782002,116.35721306836501
2024-11-12,1849.9462642866492,221.9935517143979,147.99570114293195,110.99677585719895
2024-11-13,1883.4016127030284,226.0081935243634,150.67212901624228,113.0040967621817
2024-11-14,1937.3578152382454,232.48293782858943,154.98862521905963,116.24146891429471
2024-11-15,1855.0763225939938,222.60915871127926,148.4061058075195,111.30457935563963
2024-11-16,1955.157892291351,234.6189470749621,156.41263138330808,117.30947353748105
2024-11-17,1910.8480483086428,229.30176579703712,152.86784386469142,114.65088289851856
2024-11-18,1907.510163557299,228.90121962687587,152.6008130845839,114.45060981343794
2024-11-19,1965.2160658931748,235.82592790718095,157.217285271454,117.91296395359048
2024-11-20,1955.3275050980176,234.6393006117621,156.4262004078414,117.31965030588105
2024-11-21,1918.5411337141036,230.22493604569243,153.4832906971283,115.11246802284622
2024-11-22,1998.0592785002875,239.7671134200345,159.844742280023,119.88355671001725
2024-11-23,1889.5706171605625,226.7484740592675,151.165649372845,113.37423702963375
2024-11-24,1977.978604820546,237.3574325784655,158.2382883856437,118.67871628923275
2024-11-25,1980.4213628574178,237.65056354289013,158.43370902859343,118.82528177144506
2024-11-26,1938.8992690273228,232.66791228327872,155.11194152218582,116.33395614163936
2024-11-27,1974.318722033274,236.9182466439929,157.94549776266192,118.45912332199644
2024-11-28,1899.1164268059224,227.89397121671067,151.9293141444738,113.94698560835533
2024-11-29,2011.557404671066,241.38688856052792,160.92459237368527,120.69344428026396
2024-11-30,1959.8181598752092,235.1781791850251,156.78545279001673,117.58908959251255
2024-12-01,1946.656938184847,233.59883258218161,155.73255505478775,116.79941629109081
2024-12-02,2028.995320468893,243.47943845626713,162.31962563751145,121.73971922813357
2024-12-03,1945.1007234914723,233.41208681897666,155.60805787931778,116.70604340948833
2024-12-04,1913.6884960344196,229.64261952413034,153.09507968275358,114.82130976206517
2024-12-05,1910.09367801452,229.2112413617424,152.8074942411616,114.6056206808712
2024-12-06,2022.058446208336,242.6470135450003,161.76467569666687,121.32350677250015
2024-12-07,1931.5878364868122,231.79054037841746,154.52702691894498,115.89527018920873
2024-12-08,2087.2182141148205,250.46618569377844,166.97745712918564,125.23309284688922
2024-12-09,1899.2683775839778,227.91220531007733,151.94147020671824,113.95610265503866
2024-12-10,2092.0904429594325,251.0508531551319,167.3672354367546,125.52542657756595
2024-12-11,2021.736994752021,242.6084393702425,161.7389595801617,121.30421968512125
2024-12-12,2010.2839649432537,241.23407579319044,160.8227171954603,120.61703789659522
2024-12-13,1991.8214452113582,239.01857342536297,159.34571561690865,119.50928671268149
2024-12-14,2042.9855374953825,245.1582644994459,163.4388429996306,122.57913224972295
2024-12-15,2025.1211514181332,243.01453817017597,162.00969211345065,121.50726908508798
2024-12-16,2086.154223462511,250.3385068155013,166.89233787700087,125.16925340775065
2024-12-17,2040.6981046209432,244.88377255451317,163.25584836967548,122.44188627725659
2024-12-18,2046.510011670824,245.58120140049888,163.7208009336659,122.79060070024944
2024-12-19,2024.8323784169897,242.97988541003875,161.98659027335918,121.48994270501937
2024-12-20,2044.192889805057,245.3031467766068,163.53543118440456,122.6515733883034
2024-12-21,2066.4658077445993,247.9758969293519,165.31726461956794,123.98794846467595
2024-12-22,1969.6104616543657,236.35325539852388,157.56883693234926,118.17662769926194
2024-12-23,1991.759630924185,239.01115571090222,159.3407704739348,119.50557785545111
2024-12-24,2100.3882292723147,252.04658751267775,168.03105834178518,126.02329375633887
2024-12-25,2075.8297620549843,249.0995714465981,166.06638096439875,124.54978572329905
2024-12-26,2062.153371597073,247.45840459164876,164.97226972776585,123.72920229582438
2024-12-27,2076.344104317867,249.16129251814402,166.10752834542936,124.58064625907201
2024-12-28,2096.8744203291617,251.6249304394994,167.74995362633294,125.8124652197497
2024-12-29,2056.5825728453074,246.78990874143688,164.5266058276246,123.39495437071844
2024-12-30,2048.7320723703174,245.84784868443808,163.8985657896254,122.92392434221904
2024-12-31,2101.517088278314,252.1820505933977,168.12136706226514,126.09102529669885
2025-01-01,2046.8837035256747,245.62604442308097,163.75069628205398,122.81302221154048
2025-01-02,2120.2917319718076,254.4350078366169,169.6233385577446,127.21750391830845
2025-01-03,2018.8251357738893,242.2590162928667,161.50601086191114,121.12950814643335
2025-01-04,2159.485025248545,259.1382030298254,172.7588020198836,129.5691015149127
2025-01-05,2135.7269867528044,256.2872384103365,170.85815894022434,128.14361920516825
2025-01-06,2128.9646476139656,255.47575771367585,170.31717180911724,127.73787885683792
2025-01-07,2169.3591756729566,260.3231010807548,173.54873405383654,130.1615505403774
2025-01-08,2207.5544712405176,264.9065365488621,176.6043576992414,132.45326827443105
2025-01-09,2179.0492730105684,261.4859127612682,174.32394184084546,130.7429563806341
2025-01-10,2040.3302201802799,244.83962642163357,163.2264176144224,122.41981321081678
2025-01-11,2072.4306317189635,248.6916758062756,165.7944505375171,124.3458379031378
2025-01-12,2109.195733134392,253.103487976127,168.73565865075136,126.5517439880635
2025-01-13,2145.759279959671,257.4911135951605,171.66074239677368,128.74555679758026
2025-01-14,2174.345879882474,260.92150558589685,173.94767039059792,130.46075279294843
2025-01-15,2116.1733310275013,253.94079972330013,169.29386648220012,126.97039986165007
2025-01-16,2165.7851027313377,259.8942123277605,173.26280821850702,129.94710616388025
2025-01-17,2122.6517726514144,254.71821271816972,169.81214181211314,127.35910635908486
2025-01-18,2133.806361345456,256.0567633614547,170.7045089076365,128.02838168072736
2025-01-19,2097.996975667675,251.759637080121,167.83975805341402,125.8798185400605
2025-01-20,2126.1018673494245,255.13222408193093,170.08814938795396,127.56611204096546
2025-01-21,2108.5977962211123,253.03173554653347,168.687823697689,126.51586777326673
2025-01-22,2131.2911404198294,255.75493685037952,170.50329123358637,127.87746842518976
2025-01-23,2236.6532358616487,268.39838830339784,178.9322588689319,134.19919415169892
2025-01-24,2140.370402493636,256.8444482992363,171.22963219949088,128.42222414961816
2025-01-25,2323.310805647675,278.79729667772096,185.864864451814,139.39864833886048
2025-01-26,2220.1904094001884,266.4228491280226,177.6152327520151,133.2114245640113
2025-01-27,2208.5798963790057,265.02958756548065,176.68639171032046,132.51479378274033
2025-01-28,2160.213854019188,259.2256624823026,172.81710832153504,129.6128312411513
2025-01-29,2241.9202858402605,269.03043430083125,179.35362286722085,134.51521715041562
2025-01-30,2181.874670524172,261.8249604629006,174.54997364193375,130.9124802314503
2025-01-31,2220.486875081768,266.4584250098122,177.63895000654145,133.2292125049061
2025-02-01,2346.0978242495776,281.5317389099493,187.68782593996622,140.76586945497465
2025-02-02,2216.974550435439,266.0369460522527,177.35796403483513,133.01847302612634
2025-02-03,2282.901246439975,273.948149572797,182.632099715198,136.9740747863985
2025-02-04,2193.9142387975426,263.2697086557051,175.5131391038034,131.63485432785254
2025-02-05,2230.9339265630124,267.7120711875615,178.474714125041,133.85603559378075
2025-02-06,2324.8078583553015,278.9769430026362,185.98462866842414,139.4884715013181
2025-02-07,2208.477514616913,265.0173017540296,176.67820116935306,132.5086508770148
2025-02-08,2333.9792906146304,280.07751487375566,186.71834324917043,140.03875743687783
2025-02-09,2282.2478058145757,273.8697366977491,182.57982446516607,136.93486834887455
2025-02-10,2222.2119727284307,266.6654367274117,177.77695781827447,133.33271836370585
2025-02-11,2285.4019705166356,274.24823646199627,182.83215764133087,137.12411823099814
2025-02-12,2305.826169593417,276.69914035121,184.46609356747337,138.349570175605
2025-02-13,2291.67583094117,275.00109971294034,183.33406647529358,137.50054985647017
2025-02-14,2185.4304442696052,262.25165331235263,174.8344355415684,131.12582665617632
2025-02-15,2230.9100792170248,267.70920950604295,178.472806337362,133.85460475302148
2025-02-16,2258.1846320924346,270.98215585109216,180.65477056739476,135.49107792554608
2025-02-17,2270.10035357484,272.4120424289808,181.60802828598722,136.2060212144904
2025-02-18,2308.0844030768826,276.9701283692259,184.6467522461506,138.48506418461295
2025-02-19,2289.131419822934,274.69577037875206,183.1305135858347,137.34788518937603
2025-02-20,2216.641018061194,265.99692216734326,177.3312814448955,132.99846108367163
2025-02-21,2305.5457956346427,276.6654954761571,184.4436636507714,138.33274773807855
2025-02-22,2320.1581746610573,278.41898095932686,185.61265397288457,139.20949047966343
2025-02-23,2320.676237965724,278.4811485558869,185.6540990372579,139.24057427794344
2025-02-24,2349.7479609314273,281.9697553117713,187.97983687451418,140.98487765588564
2025-02-25,2340.3911699850205,280.84694039820243,187.23129359880164,140.42347019910122
2025-02-26,2324.6036906381273,278.9524428765753,185.9682952510502,139.47622143828764
2025-02-27,2301.0490814536947,276.12588977444335,184.08392651629558,138.06294488722168
2025-02-28,2224.3846366944063,266.9261564033287,177.9507709355525,133.46307820166436
2025-03-01,2331.751137798698,279.81013653584375,186.54009102389585,139.90506826792188
2025-03-02,2323.453984127914,278.81447809534967,185.87631873023312,139.40723904767484
2025-03-03,2329.4093576513455,279.5291229181615,186.35274861210766,139.76456145908074
2025-03-04,2254.7148711800505,270.56578454160604,180.37718969440405,135.28289227080302
2025-03-05,2267.182061887702,272.0618474265242,181.37456495101614,136.0309237132621
2025-03-06,2376.5354735132855,285.18425682159426,190.12283788106285,142.59212841079713
2025-03-07,2324.503028085988,278.94036337031855,185.96024224687903,139.47018168515928
2025-03-08,2363.1184604144773,283.5742152497373,189.0494768331582,141.78710762486864
2025-03-09,2332.9813527416854,279.95776232900226,186.63850821933485,139.97888116450113
2025-03-10,2335.534313748955,280.26411764987455,186.84274509991639,140.13205882493727
2025-03-11,2383.400542319148,286.00806507829776,190.67204338553185,143.00403253914888
2025-03-12,2313.082453436946,277.5698944124335,185.04659627495568,138.78494720621674
2025-03-13,2346.047291577272,281.52567498927266,187.68378332618178,140.76283749463633
2025-03-14,2320.4420210847934,278.4530425301752,185.63536168678348,139.2265212650876
2025-03-15,2324.1032341525633,278.8923880983076,185.92825873220508,139.4461940491538
2025-03-16,2332.5991964024274,279.9119035682913,186.6079357121942,139.95595178414564
2025-03-17,2361.3515276845496,283.36218332214594,188.90812221476398,141.68109166107297
2025-03-18,2328.451519108809,279.4141822930571,186.27612152870472,139.70709114652854
2025-03-19,2417.277749928417,290.07332999141005,193.38221999427336,145.03666499570502
2025-03-20,2311.817274948373,277.41807299380474,184.94538199586984,138.70903649690237
2025-03-21,2349.218290625794,281.90619487509525,187.93746325006353,140.95309743754763
2025-03-22,2338.5459353518468,280.6255122422216,187.08367482814774,140.3127561211108
2025-03-23,2434.8082397891476,292.1769887746977,194.78465918313182,146.08849438734885
2025-03-24,2374.170055760666,284.9004066912799,189.93360446085327,142.45020334563995
2025-03-25,2417.773514517727,290.13282174212725,193.42188116141818,145.06641087106362
2025-03-26,2293.698136973471,275.24377643681646,183.49585095787768,137.62188821840823
2025-03-27,2383.079345766387,285.9695214919665,190.64634766131098,142.98476074598324
2025-03-28,2415.914782257864,289.90977387094364,193.2731825806291,144.95488693547182
2025-03-29,2377.2095226071956,285.26514271286345,190.17676180857566,142.63257135643173
2025-03-30,2427.987043868931,291.35844526427167,194.23896350951446,145.67922263213583
2025-03-31,2350.421889681297,282.05062676175567,188.03375117450378,141.02531338087783
2025-04-01,2448.2825333186606,293.7939039982393,195.86260266549286,146.89695199911964
2025-04-02,2494.2444687877473,299.3093362545297,199.53955750301978,149.65466812726484
2025-04-03,2362.597591349316,283.5117109619179,189.00780730794528,141.75585548095896
2025-04-04,2359.8599219955336,283.18319063946404,188.7887937596427,141.59159531973202
2025-04-05,2456.1554021731313,294.73864826077573,196.49243217385052,147.36932413038787
2025-04-06,2463.7715601967193,295.6525872236063,197.10172481573755,147.82629361180315
2025-04-07,2359.912426414121,283.1894911696945,188.79299411312968,141.59474558484726
2025-04-08,2366.2643311016204,283.9517197321944,189.30114648812963,141.9758598660972
2025-04-09,2374.358537181915,284.92302446182975,189.9486829745532,142.46151223091488
2025-04-10,2322.3552844686806,278.68263413624163,185.78842275749446,139.34131706812082
2025-04-11,2344.731310115529,281.3677572138635,187.57850480924233,140.68387860693176
2025-04-12,2341.4991428641792,280.9798971437015,187.31993142913436,140.48994857185076
2025-04-13,2354.314887356024,282.51778648272284,188.34519098848193,141.25889324136142
2025-04-14,2391.925563549544,287.0310676259453,191.35404508396354,143.51553381297265
2025-04-15,2406.2822049048345,288.75386458858014,192.50257639238677,144.37693229429007
2025-04-16,2472.964944337584,296.75579332051007,197.8371955470067,148.37789666025503
2025-04-17,2346.3476459505746,281.56171751406896,187.70781167604596,140.78085875703448
2025-04-18,2446.2640716344367,293.5516885961324,195.70112573075494,146.7758442980662
2025-04-19,2387.0884999054256,286.45061998865106,190.96707999243404,143.22530999432553
2025-04-20,2396.0123576009587,287.521482912115,191.6809886080767,143.7607414560575
2025-04-21,2432.881965658269,291.9458358789923,194.63055725266153,145.97291793949614
2025-04-22,2343.618433867197,281.2342120640636,187.48947470937577,140.6171060320318
2025-04-23,2419.4469234255175,290.3336308110621,193.55575387404141,145.16681540553105
2025-04-24,2409.1795786598564,289.10154943918275,192.7343662927885,144.55077471959137
2025-04-25,2425.9689804891773,291.1162776587013,194.0775184391342,145.55813882935064
2025-04-26,2416.2535135490043,289.9504216258805,193.30028108392034,144.97521081294025
2025-04-27,2524.9682776433497,302.99619331720197,201.997462211468,151.49809665860099
2025-04-28,2370.684308156394,284.48211697876724,189.6547446525115,142.24105848938362
2025-04-29,2376.3496778626777,285.16196134352134,190.10797422901422,142.58098067176067
2025-04-30,2372.031244952758,284.64374939433094,189.76249959622064,142.32187469716547
2025-05-01,2375.6640459859727,285.0796855183167,190.05312367887782,142.53984275915835
2025-05-02,2371.779430439369,284.6135316527243,189.74235443514954,142.30676582636215
2025-05-03,2463.2721330746813,295.59265596896176,197.06177064597452,147.79632798448088
2025-05-04,2474.981065518903,296.99772786226833,197.99848524151224,148.49886393113417
2025-05-05,2375.5155152013936,285.06186182416724,190.0412412161115,142.53093091208362
2025-05-06,2362.494872589068,283.49938471068816,188.99958980712546,141.74969235534408
2025-05-07,2427.7065204315218,291.3247824517826,194.21652163452174,145.6623912258913
2025-05-08,2376.5113880890285,285.1813665706834,190.1209110471223,142.5906832853417
2025-05-09,2435.720082269724,292.2864098723669,194.85760658157793,146.14320493618345
2025-05-10,2414.13520457855,289.696224549426,193.13081636628402,144.848112274713
2025-05-11,2328.0824891889933,279.36989870267917,186.24659913511948,139.68494935133958
2025-05-12,2481.091154178504,297.73093850142044,198.4872923342803,148.86546925071022
2025-05-13,2493.322023437618,299.19864281251415,199.46576187500946,149.59932140625708
2025-05-14,2372.667496215732,284.7200995458879,189.81339969725857,142.36004977294394
2025-05-15,2383.667697688457,286.0401237226148,190.69341581507655,143.0200618613074
2025-05-16,2417.059462619544,290.04713551434526,193.3647570095635,145.02356775717263
2025-05-17,2419.170550506953,290.30046606083437,193.53364404055625,145.15023303041718
2025-05-18,2435.0250806178346,292.20300967414016,194.80200644942678,146.10150483707008
2025-05-19,2502.2274347706375,300.2672921724765,200.178194781651,150.13364608623826
2025-05-20,2392.4589281277163,287.0950713753259,191.39671425021731,143.54753568766296
2025-05-21,2360.95081468445,283.314097762134,188.876065174756,141.657048881067
2025-05-22,2331.4299823743895,279.77159788492673,186.51439858995116,139.88579894246337
2025-05-23,2363.351170441531,283.6021404529837,189.06809363532247,141.80107022649185
2025-05-24,2397.7151050596826,287.7258126071619,191.81720840477462,143.86290630358096
2025-05-25,2488.5457798281222,298.6254935793747,199.08366238624978,149.31274678968734
2025-05-26,2372.357013520178,284.68284162242134,189.78856108161423,142.34142081121067
2025-05-27,2408.8205418553302,289.0584650226396,192.70564334842643,144.5292325113198
2025-05-28,2396.178062105247,287.54136745262963,191.69424496841978,143.77068372631481
2025-05-29,2455.7620604604813,294.69144725525774,196.4609648368385,147.34572362762887
2025-05-30,2522.007972984571,302.64095675814855,201.7606378387657,151.32047837907427
2025-05-31,2368.4132779325832,284.20959335191,189.47306223460666,142.104796675955
2025-06-01,2369.757171276798,284.3708605532158,189.58057370214385,142.1854302766079
2025-06-02,2445.687334765221,293.48248017182647,195.65498678121767,146.74124008591323
2025-06-03,2426.80239893748,291.2162878724976,194.1441919149984,145.6081439362488
2025-06-04,2484.2507820777764,298.11009384933317,198.74006256622212,149.05504692466658
2025-06-05,2420.2991521431995,290.4358982571839,193.62393217145598,145.21794912859195
2025-06-06,2372.3058851400283,284.6767062168034,189.78447081120225,142.3383531084017
2025-06-07,2418.9520875005283,290.2742505000634,193.51616700004226,145.1371252500317
2025-06-08,2443.9851861308057,293.2782223356967,195.51881489046445,146.63911116784834
2025-06-09,2428.6872829032745,291.44247394839294,194.29498263226196,145.72123697419647
2025-06-10,2412.1232536872626,289.4547904424715,192.969860294981,144.72739522123575
2025-06-11,2439.1735873621215,292.7008304834546,195.13388698896972,146.3504152417273
2025-06-12,2443.3695712976382,293.2043485557166,195.46956570381107,146.6021742778583
2025-06-13,2453.063038593547,294.3675646312256,196.24504308748377,147.1837823156128
2025-06-14,2415.4269636314225,289.8512356357707,193.2341570905138,144.92561781788535
2025-06-15,2373.6587570845786,284.8390508501494,189.89270056676628,142.4195254250747
2025-06-16,2388.361081511027,286.6033297813232,191.06888652088216,143.3016648906616
2025-06-17,2440.3498621373387,292.84198345648065,195.2279889709871,146.42099172824032
2025-06-18,2338.165667184632,280.57988006215584,187.05325337477058,140.28994003107792
2025-06-19,2396.423916418638,287.5708699702365,191.71391331349105,143.78543498511826
2025-06-20,2357.291619971313,282.87499439655755,188.58332959770505,141.43749719827878
2025-06-21,2377.3553695838405,285.2826443500608,190.18842956670724,142.6413221750304
2025-06-22,2438.792299109029,292.65507589308345,195.10338392872234,146.32753794654172
2025-06-23,2383.369000436484,286.0042800523781,190.66952003491872,143.00214002618904
2025-06-24,2375.0737349828237,285.00884819793885,190.0058987986259,142.50442409896942
2025-06-25,2303.691238436008,276.44294861232095,184.29529907488063,138.22147430616047
2025-06-26,2407.923898650312,288.9508678380374,192.63391189202497,144.4754339190187
2025-06-27,2401.8084022780654,288.2170082733678,192.14467218224524,144.1085041366839
2025-06-28,2476.6164625657552,297.1939755078906,198.12931700526042,148.5969877539453
2025-06-29,2351.9816714582635,282.2378005749916,188.15853371666108,141.1189002874958
2025-06-30,2377.243044132122,285.26916529585463,190.17944353056978,142.63458264792732
2025-07-01,2377.6685088933177,285.32022106719813,190.21348071146542,142.66011053359907
2025-07-02,2442.985403088968,293.1582483706761,195.43883224711743,146.57912418533806
2025-07-03,2358.261759440301,282.9914111328361,188.6609407552241,141.49570556641805
2025-07-04,2375.8925568911777,285.10710682694133,190.07140455129422,142.55355341347067
2025-07-05,2391.2531628939196,286.95037954727036,191.30025303151356,143.47518977363518
2025-07-06,2369.1083267453805,284.29299920944567,189.52866613963045,142.14649960472283
2025-07-07,2336.3791627320975,280.3654995278517,186.9103330185678,140.18274976392584
2025-07-08,2367.3325179684857,284.0799021562183,189.38660143747887,142.03995107810914
2025-07-09,2410.241743726547,289.2290092471857,192.81933949812378,144.61450462359284
2025-07-10,2304.1722518025326,276.5006702163039,184.33378014420262,138.25033510815194
2025-07-11,2361.0908415372546,283.33090098447053,188.88726732298036,141.66545049223527
2025-07-12,2318.3878946245163,278.20654735494196,185.4710315699613,139.10327367747098
2025-07-13,2412.105834667136,289.45270016005634,192.9684667733709,144.72635008002817
2025-07-14,2275.1624675943935,273.0194961113272,182.0129974075515,136.5097480556636
2025-07-15,2322.3535207110012,278.68242248532016,185.78828165688012,139.34121124266008
2025-07-16,2368.1482437498794,284.1777892499855,189.45185949999035,142.08889462499275
2025-07-17,2426.5628680809305,291.18754416971166,194.12502944647443,145.59377208485583
2025-07-18,2344.009889654504,281.2811867585405,187.52079117236033,140.64059337927026
2025-07-19,2318.560618221974,278.22727418663686,185.48484945775792,139.11363709331843
2025-07-20,2439.414828238933,292.72977938867194,195.15318625911462,146.36488969433597
2025-07-21,2272.006577012407,272.64078924148885,181.76052616099255,136.32039462074442
2025-07-22,2233.531913094906,268.0238295713887,178.68255304759248,134.01191478569436
2025-07-23,2364.5532341793432,283.7463881015212,189.16425873434747,141.8731940507606
2025-07-24,2316.546178747537,277.98554144970444,185.32369429980295,138.99277072485222
2025-07-25,2289.7004158503782,274.7640499020454,183.17603326803027,137.3820249510227
2025-07-26,2375.31054020763,285.03726482491555,190.02484321661038,142.51863241245778
2025-07-27,2351.231609817753,282.14779317813037,188.09852878542026,141.07389658906519
2025-07-28,2310.005389394836,277.20064672738033,184.8004311515869,138.60032336369017
2025-07-29,2273.3814280840547,272.8057713700866,181.87051424672438,136.4028856850433
2025-07-30,2380.227105766417,285.62725269197006,190.41816846131337,142.81362634598503
2025-07-31,2368.3428317947405,284.20113981536883,189.46742654357925,142.10056990768442
2025-08-01,2330.124127216897,279.6148952660276,186.40993017735175,139.8074476330138
2025-08-02,2426.6871970323587,291.20246364388305,194.1349757625887,145.60123182194152
2025-08-03,2280.146473801377,273.6175768561652,182.41171790411016,136.8087884280826
2025-08-04,2256.6934084742607,270.8032090169113,180.53547267794085,135.40160450845565
2025-08-05,2297.7174534056276,275.7260944086753,183.8173962724502,137.86304720433765
2025-08-06,2329.401618717414,279.52819424608964,186.35212949739312,139.76409712304482
2025-08-07,2343.2414578027224,281.1889749363267,187.4593166242178,140.59448746816335
2025-08-08,2318.432374263525,278.21188491162303,185.47458994108203,139.10594245581152
2025-08-09,2347.5433799309167,281.70520559171,187.80347039447335,140.852602795855
2025-08-10,2266.837420160425,272.020490419251,181.346993612834,136.0102452096255
2025-08-11,2401.1043502371213,288.13252202845456,192.0883480189697,144.06626101422728
2025-08-12,2324.3388279775727,278.9206593573087,185.9471062382058,139.46032967865435
2025-08-13,2383.8705658855615,286.0644679062674,190.70964527084493,143.0322339531337
2025-08-14,2344.7311232951392,281.3677347954167,187.57848986361114,140.68386739770835
2025-08-15,2350.0518577820703,282.00622293384845,188.00414862256562,141.00311146692422
2025-08-16,2355.3527168125825,282.6423260175099,188.4282173450066,141.32116300875495
2025-08-17,2348.931298726142,281.871755847137,187.91450389809137,140.9358779235685
2025-08-18,2358.3954261166955,283.0074511340035,188.67163408933564,141.50372556700174
2025-08-19,2392.4627595752445,287.09553114902934,191.39702076601955,143.54776557451467
2025-08-20,2335.609982510806,280.27319790129667,186.84879860086446,140.13659895064833
2025-08-21,2361.046357575999,283.32556290911987,188.88370860607992,141.66278145455993
2025-08-22,2320.9555841553583,278.51467009864297,185.67644673242867,139.25733504932148
2025-08-23,2397.3288710450634,287.6794645254076,191.78630968360508,143.8397322627038
2025-08-24,2291.4189573236627,274.9702748788395,183.313516585893,137.48513743941976
2025-08-25,2415.2365451510386,289.82838541812464,193.2189236120831,144.91419270906232
2025-08-26,2323.1684236641554,278.7802108396986,185.85347389313245,139.3901054198493
2025-08-27,2253.6606574583925,270.4392788950071,180.2928525966714,135.21963944750354
2025-08-28,2331.6644546652465,279.7997345598296,186.53315637321973,139.8998672799148
2025-08-29,2291.30362781542,274.9564353378504,183.30429022523361,137.4782176689252
2025-08-30,2367.522934738707,284.1027521686448,189.40183477909656,142.0513760843224
2025-08-31,2293.0320780387597,275.1638493646511,183.44256624310077,137.58192468232556
2025-09-01,2303.5649902038494,276.42779882446195,184.28519921630797,138.21389941223097
2025-09-02,2231.6467559873013,267.79761071847616,178.53174047898412,133.89880535923808
2025-09-03,2303.7972222333515,276.45566666800215,184.30377777866812,138.22783333400108
2025-09-04,2205.546790108166,264.6656148129799,176.4437432086533,132.33280740648996
2025-09-05,2247.913651986483,269.74963823837794,179.83309215891862,134.87481911918897
2025-09-06,2365.537715262175,283.864525831461,189.243017220974,141.9322629157305
2025-09-07,2367.2556544523463,284.07067853428157,189.3804523561877,142.03533926714078
2025-09-08,2349.727973648619,281.96735683783425,187.9782378918895,140.98367841891712
2025-09-09,2280.6368205357985,273.6764184642958,182.45094564286387,136.8382092321479
2025-09-10,2327.1719610561636,279.26063532673965,186.1737568844931,139.63031766336982
2025-09-11,2329.990945804107,279.59891349649286,186.39927566432857,139.79945674824643
2025-09-12,2272.908286265367,272.74899435184403,181.83266290122938,136.37449717592202
2025-09-13,2406.6940367802313,288.80328441362775,192.5355229424185,144.40164220681388
2025-09-14,2376.132226626751,285.13586719521015,190.0905781301401,142.56793359760508
2025-09-15,2321.998507129578,278.6398208555493,185.75988057036622,139.31991042777466
2025-09-16,2335.2164360614215,280.2259723273706,186.8173148849137,140.1129861636853
2025-09-17,2345.1597359279435,281.4191683113532,187.6127788742355,140.7095841556766
2025-09-18,2233.5655124684768,268.0278614962172,178.68524099747813,134.0139307481086
2025-09-19,2324.248429071314,278.9098114885577,185.93987432570515,139.45490574427885
2025-09-20,2303.5066702069016,276.4208004248282,184.28053361655213,138.2104002124141
2025-09-21,2288.5671558740896,274.62805870489075,183.08537246992717,137.31402935244537
2025-09-22,2325.6792391438817,279.0815086972658,186.05433913151055,139.5407543486329
2025-09-23,2430.7486225261096,291.68983470313316,194.45988980208878,145.84491735156658
2025-09-24,2374.080534915511,284.8896641898613,189.9264427932409,142.44483209493066
2025-09-25,2314.69768654765,277.763722385718,185.175814923812,138.881861192859
2025-09-26,2373.148249966198,284.77778999594375,189.85185999729583,142.38889499797187
2025-09-27,2415.793657320628,289.89523887847537,193.26349258565025,144.94761943923768
2025-09-28,2393.4086998886414,287.20904398663697,191.4726959910913,143.60452199331849
2025-09-29,2351.554062933284,282.18648755199405,188.12432503466272,141.09324377599702
2025-09-30,2317.6656623165104,278.1198794779812,185.41325298532084,139.0599397389906
